<?xml version="1.0" encoding="UTF-8"?>
<metadata xml:lang="en"><Esri><CreaDate>20120701</CreaDate><CreaTime>11552800</CreaTime><ArcGISFormat>1.0</ArcGISFormat><SyncOnce>TRUE</SyncOnce><DataProperties><lineage><Process ToolSource="C:\Program Files\ArcGIS\Desktop10.0\ArcToolbox\Toolboxes\Conversion Tools.tbx\ASCIIToRaster" Date="20120701" Time="115528">ASCIIToRaster C:\GISDATA\Shalehills\pihmgisSSHCZO\Data\tmp2.txt C:\GISDATA\Shalehills\pihmgisSSHCZO\Data\landcover1 INTEGER</Process></lineage></DataProperties></Esri></metadata>
