<?xml version="1.0" encoding="UTF-8"?>
<metadata xml:lang="en"><Esri><CreaDate>20120701</CreaDate><CreaTime>11413900</CreaTime><ArcGISFormat>1.0</ArcGISFormat><SyncOnce>TRUE</SyncOnce><DataProperties><lineage><Process ToolSource="C:\Program Files\ArcGIS\Desktop10.0\ArcToolbox\Toolboxes\Conversion Tools.tbx\ASCIIToRaster" Date="20120701" Time="114139">ASCIIToRaster C:\GISDATA\Shalehills\pihmgisSSHCZO\Data\temp.txt C:\GISDATA\Shalehills\pihmgisSSHCZO\temp INTEGER</Process></lineage></DataProperties></Esri></metadata>
